lindam8989
lindam8989
Idle

lindam8989 — 7/16/25, 9:21 PM
https://www.appacademy.io/
App Academy
David
Home - App Academy
We’re experts at training people with zero coding experience and turning 
them into high-earning software engineers. We've helped over 4,500 
students get hired
App Academy - Income Share Agreement. 16-24 week. $31000 for after find 
a job $55000 to get %15
Revature

✅ Paid training
✅ Strong job guarantee
✅ Enterprise focus matches your academic background. 
https://www.revature.com/
Revature | A better way to build a skills-based technology workforce
Discover how Revature is revolutionizing the tech talent landscape 
through Tech Talent Transformation & Future of Work Solutions.
you can go to those company to check closely to confirm what is they 
service and warranty.
lindam8989 — 7/18/25, 1:02 PM
i am ready.
lindam8989
 started a call that lasted a few seconds. — 7/18/25, 1:02 PM
B
 started a call that lasted an hour. — 7/18/25, 1:04 PM
lindam8989 — 7/18/25, 1:10 PM
Image
Part B: Sample Data (15 points)
•    At least 10 tuples per table
•    Realistic data that supports your queries
•    INSERT statements grouped by table
Part C: SQL Queries (35 points)
Required queries:
Query 1: JOIN of at least 3 tables (use JOIN ON)
Query 2: Nested queries with IN/ANY/ALL + GROUP BY
Query 3: Correlated nested query with aliasing
Query 4: FULL OUTER JOIN
Query 5: Set operations (UNION/EXCEPT/INTERSECT)
Queries 6-8: Your own queries (≥2 tables each)
Queries 9-10: Your own queries (≥3 tables, Query 10 needs aliasing)
Team Plan Recommendation
Week 1 (July 7-14): Database Design
Both members collaborate on:
•    Design ER diagram for nail salon system
•    Identify all entities, attributes, and relationships
•    Plan primary keys, foreign keys, and constraints
•    Create schema diagram
Week 2 (July 14-21): Implementation
Divide work:
•    Member 1: Create DDL statements for first half of tables
•    Member 2: Create DDL statements for second half of tables
•    Both: Review and ensure all constraints are included
Week 3 (July 21-28): Data & Queries
Divide work:
•    Member 1: Create sample data + Queries 1-5
•    Member 2: Create sample data + Queries 6-10
•    Both: Test all SQL statements, create final documentation
Sample Query Ideas for Your Nail Salon
Query 1 (3-table JOIN): Find all appointments with customer names, 
technician names, and service details
Query 2 (Nested + GROUP BY): Find customers who have spent more than 
average on services
Query 3 (Correlated): Find technicians who have more appointments than 
the average for their specialty
Query 4 (FULL OUTER JOIN): Show all customers and all services, 
including unbooked services
Query 5 (Set operations): Combine regular customers with VIP customers
B — 7/18/25, 1:17 PM
install Python 3,
install pip
B — 7/18/25, 1:40 PM
customer, staff, inventory, services
i am here
you didn't hear me?
I hear you
lindam8989 — 7/18/25, 9:27 PM
i just post all 8 tables sample data (including customer new version).  
'"database-445-BeautyNail
/beautynailnet_sample_data_complete.sql"
lindam8989 — 7/19/25, 12:45 PM
Hello B, I send the Part c of 1-5 query to github and you just add 6-10 
with it, ans then combine those file to zip to submit it. those file all 
in github, you just dowlodn it and zipt it:   Part A: 
beautynailnet_structure.sql + BeautyNailNet_ER_Diagram.pdf; Part B: 
beautynailnet_sample_data_complete.sql. Part C: 
beautynailnet_queries_1-5.sql
lindam8989 — 7/19/25, 3:46 PM
Image
Image
i did it for part d of 30% of phase lll , because it need 3 different 
pages.
lindam8989 — 7/19/25, 4:25 PM
but i still need to work for how can combine those to shre it on github 
and clone yours to my local
lindam8989 — 7/19/25, 5:03 PM
Hi B!

I think i completed the professional web interface for our BeautyNailNet 
project and created a complete integration package.

What I've built(support by AI):
Professional homepage with statistics dashboard
Advanced customer management page with database tables
Beautiful pink styling perfect for beauty salon
Complete navigation system
This completes Phase III Part D (Front End Interface)

Integration package includes:
Enhanced HTML templates
Advanced view functions with SQL queries
Professional CSS styling
Step-by-step integration guide
Complete documentation

How would you like me to share this with you?

Option A: Create new repository "beautynailnet-integration"
Clean separation of integration files
Easy to review and test
Your existing work stays untouched

Option B: Add to our existing repository as new branch
Everything in one place
Add as "miuyanhong-integration-package" branch
Can merge when ready

Option C: Other method you prefer?
Email/cloud storage
Video call to integrate together
Whatever works best for you

My working version is safely separate, so no pressure on timing. I just 
want to make sure we integrate this smoothly for our Phase III 
submission.

What do you think works best for us?
B — 7/19/25, 8:55 PM
Hi Linda, I think option A or C will be better. it may be complex to 
merge the code. I think it's good if we can discuss more on next 
Wednesday. thank you for your hard work.
lindam8989
 started a call that lasted 12 minutes. — 7/22/25, 4:25 PM
B — 7/22/25, 4:25 PM
do you hear me?
lindam8989 — 7/22/25, 5:15 PM
https://github.com/Linda-Miao/beautynailnet-integration
GitHub
GitHub - Linda-Miao/beautynailnet-integration: BeautyNailNet Integr...
BeautyNailNet Integration Package - Professional Web Interface - 
Linda-Miao/beautynailnet-integration
BeautyNailNet Integration Package - Professional Web Interface - 
Linda-Miao/beautynailnet-integration
What's included:
Professional homepage with statistics dashboard
Advanced customer database page with beautiful tables
Pink styling perfect for beauty salon theme
Complete integration guide and documentation
Phase III Part D front-end interface requirements

To get started:
git clone https://github.com/Linda-Miao/beautynailnet-integration.git
cd beautynailnet-integration
Read: cat README.txt
Follow: integration-guide.md

 This completes our Phase III Part D while keeping the existing work 
completely safe!
GitHub
GitHub - Linda-Miao/beautynailnet-integration: BeautyNailNet Integr...
BeautyNailNet Integration Package - Professional Web Interface - 
Linda-Miao/beautynailnet-integration
GitHub - Linda-Miao/beautynailnet-integration: BeautyNailNet Integr...
B — 7/22/25, 5:16 PM
ok Linda, thank you.
lindam8989 — 7/22/25, 5:18 PM
my pleasure.
B — 7/22/25, 6:14 PM
I finished part C, will think about if we need more table or data or 
not. Tomorrow we can discuss about the final version of phase II.
Attachment file type: document
Phase ll Part C 1-10 query assignment.docx
1.13 MB
B — 7/25/25, 11:43 PM
Hi Linda: Here is the final version for the sql script. for the phase II 
document I need you to update the diagram to indicate which columns are 
not null. then I will add the final image of the diagram to the doc.
-- phpMyAdmin SQL Dump
-- version 5.2.2
-- https://www.phpmyadmin.net/
--
-- Host: mysql
-- Generation Time: Jul 19, 2025 at 04:20 AM
Expand
beautynailnet_sample_data_complete_final.sql
19 KB
Attachment file type: document
Course Project Phase II Team 7.docx
4.25 MB
I reorganized all the queries in the sql script to make it more clear. 
the data still the same.
if you can finish the image tomorrow I will finish the file and submit 
it tommrrow. You can also share the link of the lucidapp where has a 
diagram I can work on it and finish it when I come back home from work 
tomorrow. Thank you.
B — 7/26/25, 6:54 PM
Hi
lindam8989
 started a call that lasted 24 minutes. — 7/26/25, 6:54 PM
B — 7/26/25, 6:59 PM
Attachment file type: acrobat
Phase II_ Database SchemaV2.pdf
1.54 MB
lindam8989 — 7/26/25, 7:00 PM
https://lucid.app/lucidchart/c84dcea6-6e2e-4f6e-8a8e-863b6e9e9f7e/edit?beaconFlowId=964700410FED52A3&invitationId=inv_a2ef7475-732a-4d93-be10-d0557eb1991c&page=0_0
Lucid visual collaboration suite: Log in
Go from imagining the future to building it. Log in to access Lucidchart 
for intelligent diagramming or Lucidspark for virtual whiteboarding. 
Teams can collaborate, ideate, and build projects in real time.
B — 7/26/25, 7:02 PM
forlearn310@gmail.com
lindam8989 — 7/26/25, 7:38 PM
I leave the : appointment, review and payment tale for you fill in. and 
you can help me check my table before submit.
can you see that in your side ?
Image
B — 7/26/25, 9:50 PM
HI Linda, I finished all parts for phaseII. here is the file that need 
to be review before submit. The SQL script and the document I follow the 
example that provided by the professor. Please check and let me know if 
they are all good. Thanks.
Attachment file type: archive
PhaseII_Team 7_SQL script Submission.zip
2.68 MB
lindam8989 — 7/30/25, 1:03 PM
https://optiver.com/working-at-optiver/career-opportunities/7986419002/?gh_src=9fb491cd2
Optiver
Optiver
Graduate Software Engineer (2026 Start - Chicago) - Optiver
As a Software Engineer, you’ll work side-by-side with teammates to build 
real-world applications that power a global trading firm. You’ll work on 
solutions
Graduate Software Engineer (2026 Start – Chicago)
https://jobright.ai/jobs/info/6886e6564174df41e0f9ae0f
Jobright AI
Graduate Software Engineer (2026 Start - Chicago) @ Optiver | Jobri...
Apply to Graduate Software Engineer (2026 Start - Chicago) at Optiver on 
Jobright: Elevate Your Search with an AI Copiloted Experience.
Graduate Software Engineer (2026 Start - Chicago) @ Optiver | Jobri...
lindam8989 — 7/30/25, 1:10 PM
Attachment file type: document
design theorem week 7 assignment.docx
43.92 KB
B — 8/1/25, 1:25 PM
I send you my work for normalization homework
Attachment file type: document
Normalization Homework - Bao Thinh Diep - Linda Miao.docx
25.38 KB
lindam8989 — 8/2/25, 1:02 PM
this is my version for your reference.
Attachment file type: document
Normalization HW Bao Linda.docx
21.81 KB
Attachment file type: acrobat
Normalization HW Bao Linda.pdf
102.13 KB
lindam8989 — Yesterday at 7:55 PM
Attachment file type: acrobat
Normalization HW Bao Linda.pdf
104.79 KB
Attachment file type: document
Normalization HW Bao Linda.docx
22.30 KB
lindam8989 — 10:34 AM
Hello B, I will start for Part C,D,F of phase lll first.
﻿
B
shinobitiger.
 
-- phpMyAdmin SQL Dump
-- version 5.2.2
-- https://www.phpmyadmin.net/
--
-- Host: mysql
-- Generation Time: Jul 19, 2025 at 04:20 AM
-- Server version: 8.0.42
-- PHP Version: 8.2.27

SET SQL_MODE = "NO_AUTO_VALUE_ON_ZERO";
START TRANSACTION;
SET time_zone = "+00:00";


/*!40101 SET @OLD_CHARACTER_SET_CLIENT=@@CHARACTER_SET_CLIENT */;
/*!40101 SET @OLD_CHARACTER_SET_RESULTS=@@CHARACTER_SET_RESULTS */;
/*!40101 SET @OLD_COLLATION_CONNECTION=@@COLLATION_CONNECTION */;
/*!40101 SET NAMES utf8mb4 */;

--
-- Database: `beautynailnet`
--

CREATE DATABASE beautynailnet;
USE beautynailnet;

-- --------------------------------------------------------

--
-- Table structure for table `CUSTOMER`
--

CREATE TABLE IF NOT EXISTS `CUSTOMER` (
  `customer_id` int NOT NULL AUTO_INCREMENT,
  `first_name` varchar(50) NOT NULL,
  `last_name` varchar(50) NOT NULL,
  `phone` varchar(15) NOT NULL,
  `email` varchar(100) DEFAULT NULL,
  `date_of_birth` date DEFAULT NULL,
  `allergies` text,
  `preferred_color` varchar(50) DEFAULT NULL,
  `loyalty_points` int DEFAULT '0',
  `registration_date` date DEFAULT (curdate()),
  `is_active` tinyint(1) DEFAULT '1',
  PRIMARY KEY (`customer_id`),
  UNIQUE KEY `email` (`email`)
) ENGINE=InnoDB DEFAULT CHARSET=utf8mb4 COLLATE=utf8mb4_0900_ai_ci
  AUTO_INCREMENT = 21;

--
-- Dumping data for table `CUSTOMER`
--

INSERT INTO `CUSTOMER` (`customer_id`, `first_name`, `last_name`, 
`phone`, `email`, `date_of_birth`, `allergies`, `preferred_color`, 
`loyalty_points`, `registration_date`, `is_active`) VALUES
(11, 'Todd', 'Sims', '618-845-8073', 'todd.sims@email.com', 
'1996-10-11', NULL, 'Purple', 174, '2024-12-31', 1),
(12, 'Robin', 'Harris', '905-579-7081', 'robin.harris@yahoo.com', 
'2000-01-19', 'Pollen', 'Red', 86, '2023-01-19', 1),
(13, 'Nancy', 'Deleon', '227-854-9780', 'nancy.deleon@hotmail.com', 
'1959-10-27', 'Pollen', NULL, 289, '2023-11-09', 1),
(14, 'Raymond', 'Miller', '468-626-2871', 'raymond.miller@email.com', 
'1960-01-15', 'Fragrance', 'Red', 120, '2023-10-07', 1),
(15, 'Alyssa', 'Jackson', '403-441-6240', 'alyssa.jackson@gmail.com', 
'1998-10-31', 'Dust', 'Pink', 284, '2025-06-10', 1),
(16, 'Hailey', 'Webb', '906-416-5220', 'hailey.webb@hotmail.com', 
'1965-06-06', 'Pollen', 'Red', 10, '2024-01-28', 0),
(17, 'Jessica', 'Irwin', '731-049-6021', 'jessica.irwin@email.com', 
'1967-12-17', NULL, 'Red', 16, '2022-09-07', 1),
(18, 'Tina', 'Rhodes', '037-456-5659', 'tina.rhodes@email.com', 
'1961-10-10', 'Pollen', 'Green', 144, '2024-01-07', 1),
(19, 'Anne', 'Johnson', '866-823-7190', 'anne.johnson@hotmail.com', 
'1981-04-27', 'Nail polish remover', 'Pink', 149, '2024-12-09', 1),
(20, 'Rachel', 'Wheeler', '407-484-5977', 'rachel.wheeler@email.com', 
'1995-03-19', NULL, 'Red', 124, '2023-03-12', 0);

-- --------------------------------------------------------

--
-- Table structure for table `STAFF`
--

CREATE TABLE IF NOT EXISTS `STAFF` (
  `staff_id` int NOT NULL AUTO_INCREMENT,
  `first_name` varchar(50) NOT NULL,
  `last_name` varchar(50) NOT NULL,
  `phone` varchar(15) NOT NULL,
  `email` varchar(100) NOT NULL,
  `hire_date` date NOT NULL,
  `position` varchar(50) NOT NULL,
  `commission_rate` decimal(5,2) DEFAULT '0.15',
  `specialty` varchar(100) DEFAULT NULL,
  `is_active` tinyint(1) DEFAULT '1',
  PRIMARY KEY (`staff_id`)
) ENGINE=InnoDB DEFAULT CHARSET=utf8mb4 COLLATE=utf8mb4_0900_ai_ci
  AUTO_INCREMENT = 12;

--
-- Dumping data for table `STAFF`
--

INSERT INTO `STAFF` (`staff_id`, `first_name`, `last_name`, `phone`, 
`email`, `hire_date`, `position`, `commission_rate`, `specialty`, 
`is_active`) VALUES
(1, 'Linda', 'Miao', '206-565-0200', 'linda.miao@beautynailnet.com', 
'2024-06-13', 'Junior Nail Technician', 0.12, 'Basic Manicures', 1),
(2, 'Emily', 'Rodriguez', '206-555-0201', 
'emily.rodriguez@beautynailnet.com', '2023-06-15', 'Senior Nail 
Technician', 0.20, 'Gel Manicures', 1),
(3, 'Jessica', 'Chen', '206-555-0202', 'jessica.chen@beautynailnet.com', 
'2023-08-20', 'Nail Technician', 0.15, 'Pedicures', 1),
(4, 'Sophia', 'Kim', '206-555-0203', 'sophia.kim@beautynailnet.com', 
'2024-01-10', 'Nail Artist', 0.18, 'Nail Art Design', 1),
(5, 'Madison', 'Thompson', '206-555-0204', 
'madison.thompson@beautynailnet.com', '2023-09-05', 'Senior Technician', 
0.20, 'Acrylic Extensions', 1),
(6, 'Ashley', 'Garcia', '206-555-0205', 
'ashley.garcia@beautynailnet.com', '2024-02-01', 'Nail Technician', 
0.15, 'Classic Manicures', 1),
(7, 'Taylor', 'White', '206-555-0206', 'taylor.white@beautynailnet.com', 
'2023-07-12', 'Spa Technician', 0.17, 'Spa Pedicures', 1),
(8, 'Olivia', 'Martinez', '206-555-0207', 
'olivia.martinez@beautynailnet.com', '2023-11-20', 'Nail Technician', 
0.15, 'French Manicures', 1),
(9, 'Hannah', 'Lee', '206-555-0208', 'hannah.lee@beautynailnet.com', 
'2024-01-25', 'Junior Technician', 0.12, 'Basic Manicures', 1),
(10, 'Megan', 'Jackson', '206-555-0209', 
'megan.jackson@beautynailnet.com', '2023-10-15', 'Manager', 0.25, 'All 
Services', 1),
(11, 'Rachel', 'Brown', '206-555-0210', 
'rachel.brown@beautynailnet.com', '2023-12-01', 'Nail Artist', 0.18, 
'Special Occasion Nails', 1);

-- --------------------------------------------------------

--
-- Table structure for table `SERVICE`
--

CREATE TABLE IF NOT EXISTS `SERVICE` (
  `service_id` int NOT NULL AUTO_INCREMENT,
  `service_name` varchar(100) NOT NULL,
  `description` text,
  `base_price` decimal(8,2) NOT NULL,
  `duration_minutes` int NOT NULL,
  `category` varchar(50) NOT NULL,
  `requies_appointment` tinyint(1) DEFAULT '1',
  PRIMARY KEY (`service_id`)
) ENGINE=InnoDB DEFAULT CHARSET=utf8mb4 COLLATE=utf8mb4_0900_ai_ci;

--
-- Dumping data for table `SERVICE`
--

INSERT INTO `SERVICE` (`service_id`, `service_name`, `description`, 
`base_price`, `duration_minutes`, `category`, `requies_appointment`) 
VALUES
(1, 'Polish Change', 'Simple polish removal and new color application', 
15.00, 20, 'Basic', 1),
(2, 'Cuticle Treatment', 'Professional cuticle care and conditioning', 
20.00, 25, 'Treatment', 1),
(3, 'Paraffin Treatment', 'Moisturizing paraffin wax treatment for hands 
or feet', 25.00, 30, 'Treatment', 1),
(4, 'Gel Removal', 'Safe removal of existing gel polish', 12.00, 20, 
'Removal', 1),
(5, 'Classic Manicure', 'Basic nail shaping, cuticle care, and polish 
application', 25.00, 45, 'Manicure', 1),
(6, 'Gel Manicure', 'Long-lasting gel polish application with UV 
curing', 35.00, 60, 'Manicure', 1),
(7, 'French Manicure', 'Classic white tip design with clear or nude 
base', 30.00, 50, 'Manicure', 1),
(8, 'Acrylic Full Set', 'Complete acrylic nail extension application', 
55.00, 90, 'Extensions', 1),
(9, 'Classic Pedicure', 'Foot soak, nail care, and polish with relaxing 
massage', 40.00, 60, 'Pedicure', 1),
(10, 'Spa Pedicure', 'Deluxe pedicure with exfoliation and extended 
massage', 60.00, 75, 'Pedicure', 1),
(11, 'Nail Art Design', 'Custom artistic nail designs and decorations', 
15.00, 30, 'Art', 1);

-- --------------------------------------------------------

--
-- Table structure for table `INVENTORY`
--

CREATE TABLE IF NOT EXISTS `INVENTORY` (
  `inventory_id` int NOT NULL AUTO_INCREMENT,
  `product_name` varchar(100) NOT NULL,
  `brand` varchar(50) DEFAULT NULL,
  `category` varchar(50) NOT NULL,
  `color_name` varchar(50) DEFAULT NULL,
  `quantity_in_stock` int DEFAULT '0',
  `unit_cost` decimal(6,2) NOT NULL,
  `retail_price` decimal(6,2) DEFAULT NULL,
  `reorder_level` int DEFAULT '5',
  `supplier_name` varchar(100) DEFAULT NULL,
  `last_updated` timestamp NULL DEFAULT CURRENT_TIMESTAMP ON UPDATE 
CURRENT_TIMESTAMP,
  PRIMARY KEY (`inventory_id`)
) ENGINE=InnoDB DEFAULT CHARSET=utf8mb4 COLLATE=utf8mb4_0900_ai_ci;

--
-- Dumping data for table `INVENTORY`
--

INSERT INTO `INVENTORY` (`inventory_id`, `product_name`, `brand`, 
`category`, `color_name`, `quantity_in_stock`, `unit_cost`, 
`retail_price`, `reorder_level`, `supplier_name`, `last_updated`) VALUES
(1, 'OPI Red Polish', 'OPI', 'Polish', 'Big Apple Red', 25, 8.50, 15.00, 
5, 'Beauty Supply Co', '2025-07-18 22:09:18'),
(2, 'Essie Pink Polish', 'Essie', 'Polish', 'Ballet Slippers', 20, 7.00, 
12.00, 5, 'Nail Distributors', '2025-07-18 22:09:18'),
(3, 'Base Coat', 'CND', 'Treatment', NULL, 15, 6.00, 10.00, 3, 
'Professional Nails Inc', '2025-07-18 22:09:18'),
(4, 'Top Coat', 'CND', 'Treatment', NULL, 18, 6.50, 11.00, 3, 
'Professional Nails Inc', '2025-07-18 22:09:18'),
(5, 'Nail Files', 'Generic', 'Tools', NULL, 50, 0.75, 2.00, 10, 'Salon 
Supplies LLC', '2025-07-18 22:09:18'),
(6, 'Cuticle Oil', 'OPI', 'Treatment', NULL, 12, 4.00, 8.00, 3, 'Beauty 
Supply Co', '2025-07-18 22:09:18'),
(7, 'Cotton Pads', 'Generic', 'Supplies', NULL, 100, 0.25, 1.00, 20, 
'General Supply', '2025-07-18 22:09:18'),
(8, 'Acetone', 'Zoya', 'Remover', NULL, 8, 3.00, 6.00, 2, 'Chemical 
Supply Co', '2025-07-18 22:09:18'),
(9, 'Gel Polish Blue', 'Gelish', 'Gel', 'Ocean Blue', 22, 12.00, 20.00, 
5, 'Gel Systems Ltd', '2025-07-18 22:09:18'),
(10, 'Nail Glue', 'Kiss', 'Adhesive', NULL, 30, 1.50, 4.00, 8, 'Nail 
Repair Co', '2025-07-18 22:09:18');

-- --------------------------------------------------------

--
-- Table structure for table `EVENTS`
--

CREATE TABLE IF NOT EXISTS `EVENTS` (
  `events_id` int NOT NULL AUTO_INCREMENT,
  `event_name` varchar(100) NOT NULL,
  `decription` text,
  `start_date` date DEFAULT NULL,
  `end_date` date DEFAULT NULL,
  `image` varchar(255) DEFAULT NULL,
  PRIMARY KEY (`events_id`)
) ENGINE=InnoDB DEFAULT CHARSET=utf8mb4 COLLATE=utf8mb4_0900_ai_ci;

--
-- Dumping data for table `EVENTS`
--

INSERT INTO `EVENTS` (`events_id`, `event_name`, `decription`, 
`start_date`, `end_date`, `image`) VALUES
(1, 'Spring Blossom Special', 'Celebrate spring with 15% off all floral 
nail art designs.', '2025-03-20', '2025-04-30', 
'images/events/spring_blossom.jpg'),
(2, 'Mother\'s Day Pamper', 'Treat your mom to a deluxe manicure and 
pedicure combo with a free gift.', '2025-05-01', '2025-05-12', 
'images/events/mothers_day.jpg'),
(3, 'Summer Glow Up', 'Discounts on paraffin treatments and gel 
manicures to prep for summer.', '2025-06-01', '2025-06-30', 
'images/events/summer_glow.jpg'),
(4, 'July 4th Nail Fest', 'Red, white, and blue nail art specials for 
Independence Day!', '2025-07-01', '2025-07-07', 
'images/events/july4th.jpg'),
(5, 'Back to School Deals', 'Students get 20% off all basic manicures 
and pedicures.', '2025-08-15', '2025-09-15', 
'images/events/back_to_school.jpg'),
(6, 'Autumn Colors Collection', 'Showcase of seasonal colors and limited 
edition polishes.', '2025-09-21', '2025-10-31', 
'images/events/autumn_colors.jpg'),
(7, 'Halloween Nail Art Contest', 'Win prizes for the spookiest nail 
designs! Submit photos by Oct 28.', '2025-10-01', '2025-10-31', 
'images/events/halloween.jpg'),
(8, 'Thankful Hands', 'Book any treatment in November and get a free 
cuticle oil sample.', '2025-11-01', '2025-11-30', 
'images/events/thanksgiving.jpg'),
(9, 'Holiday Sparkle Week', 'Festive glitter styles and gift card 
giveaways all December long.', '2025-12-01', '2025-12-24', 
'images/events/holiday_sparkle.jpg'),
(10, 'New Year, New Nails', 'Kick off 2026 with 10% off your first 
appointment of the year.', '2026-01-01', '2026-01-15', 
'images/events/new_year.jpg');

-- --------------------------------------------------------

--
-- Table structure for table `APPOINTMENT`
--

CREATE TABLE IF NOT EXISTS `APPOINTMENT` (
  `appointment_id` int NOT NULL AUTO_INCREMENT,
  `customer_id` int NOT NULL,
  `staff_id` int NOT NULL,
  `appointment_date` date NOT NULL,
  `start_time` time NOT NULL,
  `end_time` time DEFAULT NULL,
  `status` varchar(20) DEFAULT 'scheduled',
  `total_amount` decimal(8,2) DEFAULT NULL,
  `notes` text,
  `created_date` timestamp NULL DEFAULT CURRENT_TIMESTAMP,
  PRIMARY KEY (`appointment_id`),
  FOREIGN KEY (`customer_id`) REFERENCES `CUSTOMER` (`customer_id`) ON 
DELETE RESTRICT ON UPDATE CASCADE,
  FOREIGN KEY (`staff_id`) REFERENCES `STAFF` (`staff_id`) ON DELETE 
RESTRICT ON UPDATE CASCADE
) ENGINE=InnoDB DEFAULT CHARSET=utf8mb4 COLLATE=utf8mb4_0900_ai_ci
  AUTO_INCREMENT = 21;

--
-- Dumping data for table `APPOINTMENT`
--

INSERT INTO `APPOINTMENT` (`appointment_id`, `customer_id`, `staff_id`, 
`appointment_date`, `start_time`, `end_time`, `status`, `total_amount`, 
`notes`, `created_date`) VALUES
(11, 11, 1, '2024-07-22', '09:00:00', '10:00:00', 'scheduled', 45.00, 
'First-time client', '2025-07-19 03:52:28'),
(12, 12, 3, '2024-07-22', '10:30:00', '11:30:00', 'completed', 35.00, 
'Regular customer', '2025-07-19 03:52:28'),
(13, 13, 2, '2024-07-23', '14:00:00', '15:00:00', 'scheduled', 60.00, 
'Spa pedicure', '2025-07-19 03:52:28'),
(14, 14, 1, '2024-07-23', '15:30:00', '16:30:00', 'completed', 25.00, 
'Quick polish change', '2025-07-19 03:52:28'),
(15, 15, 4, '2024-07-24', '11:00:00', '12:30:00', 'scheduled', 55.00, 
'Acrylic full set', '2025-07-19 03:52:28'),
(16, 16, 2, '2024-07-24', '13:00:00', '14:00:00', 'completed', 30.00, 
'French manicure', '2025-07-19 03:52:28'),
(17, 17, 3, '2024-07-25', '09:30:00', '10:30:00', 'scheduled', 40.00, 
'Classic pedicure', '2025-07-19 03:52:28'),
(18, 18, 1, '2024-07-25', '14:30:00', '15:30:00', 'completed', 35.00, 
'Gel manicure', '2025-07-19 03:52:28'),
(19, 19, 5, '2024-07-26', '10:00:00', '11:00:00', 'scheduled', 25.00, 
'Classic manicure', '2025-07-19 03:52:28'),
(20, 20, 2, '2024-07-26', '16:00:00', '17:00:00', 'scheduled', 50.00, 
'Nail art design', '2025-07-19 03:52:28');

-- --------------------------------------------------------

--
-- Table structure for table `APPOINTMENT_SERVICE`
--

CREATE TABLE IF NOT EXISTS `APPOINTMENT_SERVICE` (
  `appointment_service_id` int NOT NULL AUTO_INCREMENT,
  `appointment_id` int NOT NULL,
  `service_id` int NOT NULL,
  `service_price` decimal(8,2) NOT NULL,
  `polish_color` varchar(50) DEFAULT NULL,
  PRIMARY KEY (`appointment_service_id`),
  FOREIGN KEY (`appointment_id`) REFERENCES `APPOINTMENT` 
(`appointment_id`) ON DELETE CASCADE ON UPDATE CASCADE,
  FOREIGN KEY (`service_id`) REFERENCES `SERVICE` (`service_id`) ON 
DELETE RESTRICT ON UPDATE CASCADE
) ENGINE=InnoDB DEFAULT CHARSET=utf8mb4 COLLATE=utf8mb4_0900_ai_ci
  AUTO_INCREMENT = 25;

--
-- Dumping data for table `APPOINTMENT_SERVICE`
--

INSERT INTO `APPOINTMENT_SERVICE` (`appointment_service_id`, 
`appointment_id`, `service_id`, `service_price`, `polish_color`) VALUES
(13, 11, 1, 25.00, 'Classic Red'),
(14, 11, 7, 20.00, 'Gold accent'),
(15, 12, 2, 35.00, 'Pink Shimmer'),
(16, 13, 6, 60.00, 'French White'),
(17, 14, 9, 15.00, 'Clear'),
(18, 15, 4, 55.00, 'Nude Pink'),
(19, 16, 3, 30.00, 'French White'),
(20, 17, 5, 40.00, 'Ocean Blue'),
(21, 18, 2, 35.00, 'Gel Red'),
(22, 19, 1, 25.00, 'Classic Pink'),
(23, 20, 7, 15.00, 'Silver glitter'),
(24, 20, 1, 25.00, 'Base coat');



-- --------------------------------------------------------

--
-- Table structure for table `PAYMENT`
--

CREATE TABLE IF NOT EXISTS `PAYMENT` (
  `payment_id` int NOT NULL AUTO_INCREMENT,
  `appointment_id` int NOT NULL,
  `payment_method` varchar(20) NOT NULL,
  `amount` decimal(8,2) NOT NULL,
  `tip_amount` decimal(6,2) DEFAULT '0.00',
  `payment_date` timestamp NULL DEFAULT CURRENT_TIMESTAMP,
  `transaction_id` varchar(100) DEFAULT NULL,
  PRIMARY KEY (`payment_id`),
  FOREIGN KEY (`appointment_id`) REFERENCES `APPOINTMENT` 
(`appointment_id`) ON DELETE CASCADE ON UPDATE CASCADE
) ENGINE=InnoDB DEFAULT CHARSET=utf8mb4 COLLATE=utf8mb4_0900_ai_ci
  AUTO_INCREMENT = 11;

--
-- Dumping data for table `PAYMENT`
--

INSERT INTO `PAYMENT` (`payment_id`, `appointment_id`, `payment_method`, 
`amount`, `tip_amount`, `payment_date`, `transaction_id`) VALUES
(1, 11, 'Credit Card', 45.00, 8.00, '2024-07-22 10:15:00', 
'TXN20240722001'),
(2, 12, 'Cash', 35.00, 5.00, '2024-07-22 11:45:00', 'CASH20240722002'),
(3, 13, 'Credit Card', 60.00, 12.00, '2024-07-23 15:15:00', 
'TXN20240723003'),
(4, 14, 'Debit Card', 25.00, 3.00, '2024-07-23 16:45:00', 
'DBT20240723004'),
(5, 15, 'Credit Card', 55.00, 10.00, '2024-07-24 12:45:00', 
'TXN20240724005'),
(6, 16, 'Cash', 30.00, 5.00, '2024-07-24 14:15:00', 'CASH20240724006'),
(7, 17, 'Credit Card', 40.00, 7.00, '2024-07-25 10:45:00', 
'TXN20240725007'),
(8, 18, 'Debit Card', 35.00, 6.00, '2024-07-25 15:45:00', 
'DBT20240725008'),
(9, 19, 'Cash', 25.00, 4.00, '2024-07-26 11:15:00', 'CASH20240726009'),
(10, 20, 'Credit Card', 40.00, 8.00, '2024-07-26 17:15:00', 
'TXN20240726010');

-- --------------------------------------------------------

--
-- Table structure for table `REVIEW`
--

CREATE TABLE `REVIEW` (
  `review_id` int NOT NULL,
  `customer_id` int NOT NULL,
  `appointment_id` int NOT NULL,
  `staff_id` int NOT NULL,
  `rating` int NOT NULL,
  `comment` text,
  `review_date` timestamp NULL DEFAULT CURRENT_TIMESTAMP
) ;

--
-- Dumping data for table `REVIEW`
--

INSERT INTO `REVIEW` (`review_id`, `customer_id`, `appointment_id`, 
`staff_id`, `rating`, `comment`, `review_date`) VALUES
(1, 11, 11, 1, 5, 'Amazing service! Linda did a fantastic job on my 
nails. Very professional and friendly.', '2024-07-22 18:30:00'),
(2, 12, 12, 3, 4, 'Good quality work. Jessica was skilled and the salon 
was clean. Will come back.', '2024-07-22 20:15:00'),
(3, 13, 13, 2, 5, 'Absolutely love my spa pedicure! Emily was so gentle 
and the massage was relaxing.', '2024-07-23 19:45:00'),
(4, 14, 14, 1, 3, 'Quick service but polish chipped after 2 days. 
Expected better quality.', '2024-07-24 10:30:00'),
(5, 15, 15, 4, 5, 'Sophia did an incredible job on my acrylic set! 
Perfect length and shape.', '2024-07-24 20:00:00'),
(6, 16, 16, 2, 4, 'Nice French manicure. Emily was professional and the 
result looks great.', '2024-07-25 09:15:00'),
(7, 17, 17, 3, 5, 'Best pedicure I have ever had! Jessica was amazing 
and very thorough.', '2024-07-25 18:30:00'),
(8, 18, 18, 1, 4, 'Good gel manicure. Linda was efficient and the color 
selection was great.', '2024-07-26 08:45:00'),
(9, 19, 19, 5, 2, 'Service was okay but felt rushed. Manicure was basic, 
nothing special.', '2024-07-26 15:20:00'),
(10, 20, 20, 2, 5, 'Emily created beautiful nail art! So creative and 
exactly what I wanted.', '2024-07-27 12:00:00');


-- --------------------------------------------------------

COMMIT;

/*!40101 SET CHARACTER_SET_CLIENT=@OLD_CHARACTER_SET_CLIENT */;
/*!40101 SET CHARACTER_SET_RESULTS=@OLD_CHARACTER_SET_RESULTS */;
/*!40101 SET COLLATION_CONNECTION=@OLD_COLLATION_CONNECTION */;
beautynailnet_sample_data_complete_final.sql
19 KB-- 
phpMyAdmin 
SQL Dump -- 
version 5.2.2 -- https://www.phpmyadmin.net/
